"","ID","Strain","Age","Weight","Clutch","shh_R2_spot","shh_M1_spot","shh_M2_spot","cap_transition","M1_spot_split_LR","shboob","Total_state","stateord","Symmetry","groupwt","nid","X","Age.dpc.","Date","Strain","Weight","Litter","Weekday","indata","mediantemps","bornemin","bornemax","nid"
"132","shh_13.5_06_101_DQ","DUHi",13.5,101,"DQ",0,0,0,0,0,0,"0_0_0_0","097_0_0_0_0","Y",97,"101DQ",31,13.5,"7/30/2014","DUHi",101,"DQ",4,TRUE,13.581,13.084,14.056,"101DQ"
"220","shh_13.0_06_102_FX","FVB",13,102,"FX",0,0,0,0,0,0,"0_0_0_0","097_0_0_0_0","-",97,"102FX",281,13,"05/12/15","FVB",102,"FX",3,TRUE,13.091,12.559,13.585,"102FX"
"128","shh_14.0_21_105_DF","DUHi",14,105,"DF",2,0,0,0,0,0,"2_0_0_0","123_2_0_0_0","Y",123,"105DF",63,14,"7/17/2014","DUHi",105,"DF",5,TRUE,13.651,13.19,14.1,"105DF"
"14","shh_13.5_10_105_FK","FVB",13.5,105,"FK",2,0,0,0,0,0,"2_0_0_0","123_2_0_0_0","Y",123,"105FK",298,13.5,"12/10/14","FVB",105,"FK",4,TRUE,13.62,13.106,14.149,"105FK"
"187","shh_13.5_13_107_DZ","DUHi",13.5,107,"DZ",2,0,0,0,0,0,"2_0_0_0","123_2_0_0_0","y",123,"107DZ",38,13.5,"11/19/2014","DUHi",107,"DZ",4,TRUE,13.455,13.012,13.923,"107DZ"
"221","shh_13.0_07_108_FX","FVB",13,108,"FX",0,0,0,0,0,0,"0_0_0_0","097_0_0_0_0","-",97,"108FX",283,13,"05/12/15","FVB",108,"FX",3,TRUE,13.197,12.679,13.727,"108FX"
"129","shh_13.5_06_109_FI","FVB",13.5,109,"FI",2,0,0,0,0,0,"2_0_0_0","123_2_0_0_0","-",123,"109FI",661,13.5,"10/17/2014","FVB",109,"FI",6,TRUE,13.423,12.896,13.972,"109FI"
"8","shh_13.5_10_110_DZ","DUHi",13.5,110,"DZ",2,0,0,0,0,0,"2_0_0_0","123_2_0_0_0","-",123,"110DZ",40,13.5,"11/19/2014","DUHi",110,"DZ",4,TRUE,13.506,13.042,13.937,"110DZ"
"222","shh_13.5_14_112_FV","FVB",13.5,112,"FV",2,0,0,0,0,0,"2_0_0_0","123_2_0_0_0","y",123,"112FV",320,13.5,"4/30/2015","FVB",112,"FV",5,TRUE,13.229,12.711,13.741,"112FV"
"117","shh_14.0_13_113_DU","DUHi",14,113,"DU",2,0,0,0,0,0,"2_0_0_0","123_2_0_0_0","-",123,"113DU",83,14,"10/14/2014","DUHi",113,"DU",3,TRUE,13.841,13.406,14.272,"113DU"
"6","shh_14.0_06_117_DR","DUHi",14,117,"DR",2,0,0,0,0,0,"2_0_0_0","123_2_0_0_0","-",123,"117DR",72,14,"7/30/2014","DUHi",117,"DR",4,TRUE,13.635,13.133,14.128,"117DR"
"13","shh_13.5_01_124_FA","FVB",13.5,124,"FA",2,0,0,0,0,0,"2_0_0_0","123_2_0_0_0","-",123,"124FA",285,13.5,"7/17/2014","FVB",124,"FA",5,TRUE,13.38,12.815,13.9,"124FA"
"118","shh_14.0_14_125_DU","DUHi",14,125,"DU",2,0,0,0,0,0,"2_0_0_0","123_2_0_0_0","Y",123,"125DU",85,14,"10/14/2014","DUHi",125,"DU",3,TRUE,14.004,13.585,14.451,"125DU"
"126","shh_13.5_04_125_FA","FVB",13.5,125,"FA",2,0,0,0,0,0,"2_0_0_0","123_2_0_0_0","Y",123,"125FA",286,13.5,"7/17/2014","FVB",125,"FA",5,TRUE,13.394,12.861,13.915,"125FA"
"188","shh_14.0_26_126_DAA","DUHi",14,126,"DAA",2,0,0,0,0,0,"2_0_0_0","123_2_0_0_0","y",123,"126DAA",49,14,"05/12/14","DUHi",126,"DAA",2,TRUE,13.955,13.475,14.438,"126DAA"
"125","shh_13.5_02_127_FA","FVB",13.5,127,"FA",2,0,0,0,0,0,"2_0_0_0","123_2_0_0_0","Y",123,"127FA",287,13.5,"7/17/2014","FVB",127,"FA",5,TRUE,13.432,12.883,13.94,"127FA"
"225","shh_13.5_20_127_FV","FVB",13.5,127,"FV",0,0,0,0,0,0,"0_0_0_0","097_0_0_0_0","-",97,"127FV",323,13.5,"4/30/2015","FVB",127,"FV",5,TRUE,13.473,12.96,14,"127FV"
"3","shh_14.0_02_128_DD","DUHi",14,128,"DD",2,0,0,0,0,0,"2_0_0_0","123_2_0_0_0","-",123,"128DD",58,14,"1/20/2014","DUHi",128,"DD",2,TRUE,14.255,13.774,14.728,"128DD"
"15","shh_14.0_07_130_FJ","FVB",14,130,"FJ",2,0,0,0,0,0,"2_0_0_0","123_2_0_0_0","-",123,"130FJ",59,14,"1/20/2014","DUHi",128,"DD",2,TRUE,14.247,13.767,14.725,"128DD"
"223","shh_13.5_15_132_FV","FVB",13.5,132,"FV",0,0,0,0,0,0,"0_0_0_0","097_0_0_0_0","-",97,"132FV",377,14,"12/08/14","FVB",130,"FJ",2,TRUE,13.773,13.25,14.314,"130FJ"
"9","shh_13.5_11_135_DZ","DUHi",13.5,135,"DZ",2,0,0,0,0,0,"2_0_0_0","123_2_0_0_0","-",123,"135DZ",324,13.5,"4/30/2015","FVB",132,"FV",5,TRUE,13.557,13.046,14.099,"132FV"
"235","shh_13.5_21_136_FU","FVB",13.5,136,"FU",0,0,0,0,0,1,"0_0_0_1","162_0_0_0_1","-",162,"136FU",45,13.5,"11/19/2014","DUHi",135,"DZ",4,TRUE,13.858,13.397,14.325,"135DZ"
"224","shh_13.5_17_137_FV","FVB",13.5,137,"FV",0,0,0,0,0,1,"0_0_0_1","162_0_0_0_1","-",162,"137FV",318,13.5,"4/29/2015","FVB",136,"FU",4,TRUE,13.564,13.014,14.1,"136FU"
"119","shh_14.0_19_139_DF","DUHi",14,139,"DF",2,0,0,0,0,0,"2_0_0_0","123_2_0_0_0","-",123,"139DF",326,13.5,"4/30/2015","FVB",137,"FV",5,TRUE,13.633,13.103,14.166,"137FV"
"7","shh_14.0_09_140_DF","DUHi",14,140,"DF",2,0,0,0,0,0,"2_0_0_0","123_2_0_0_0","-",123,"140DF",66,14,"7/17/2014","DUHi",139,"DF",5,TRUE,14.136,13.682,14.586,"139DF"
"10","shh_14.0_22_141_DAA","DUHi",14,141,"DAA",2,0,0,0,0,0,"2_0_0_0","123_2_0_0_0","Y",123,"141DAA",67,14,"7/17/2014","DUHi",139,"DF",5,TRUE,14.138,13.681,14.606,"139DF"
"4","shh_14.0_03_141_DD","DUHi",14,141,"DD",2,0,0,0,0,1,"2_0_0_1","145_2_0_0_1","Y",145,"141DD",68,14,"7/17/2014","DUHi",140,"DF",5,TRUE,14.156,13.678,14.601,"140DF"
"181","shh_14.0_08_141_FJ","FVB",14,141,"FJ",0,0,0,0,0,1,"0_0_0_1","162_0_0_0_1","Y",162,"141FJ",50,14,"05/12/14","DUHi",141,"DAA",2,TRUE,14.155,13.668,14.633,"141DAA"
"12","shh_14.0_23_142_DAA","DUHi",14,142,"DAA",2,0,0,0,0,0,"2_0_0_0","123_2_0_0_0","-",123,"142DAA",60,14,"1/20/2014","DUHi",141,"DD",2,TRUE,14.431,13.951,14.89,"141DD"
"167","shh_14.0_20_142_DU","DUHi",14,142,"DU",0,0,0,0,0,0,"0_0_0_0","097_0_0_0_0","Y",97,"142DU",379,14,"12/08/14","FVB",141,"FJ",2,TRUE,13.932,13.417,14.464,"141FJ"
"116","shh_14.0_10_143_DF","DUHi",14,143,"DF",2,0,0,0,0,1,"2_0_0_1","145_2_0_0_1","Y",145,"143DF",51,14,"05/12/14","DUHi",142,"DAA",2,TRUE,14.169,13.669,14.661,"142DAA"
"5","shh_14.0_07_143_DR","DUHi",14,143,"DR",2,0,0,0,0,1,"2_0_0_1","145_2_0_0_1","Y",145,"143DR",87,14,"10/14/2014","DUHi",142,"DU",3,TRUE,14.237,13.791,14.673,"142DU"
"175","shh_13.5_03_143_FA","FVB",13.5,143,"FA",0,0,0,0,0,1,"0_0_0_1","162_0_0_0_1","-",162,"143FA",69,14,"7/17/2014","DUHi",143,"DF",5,TRUE,14.202,13.731,14.644,"143DF"
"124","shh_14.0_16_144_DR","DUHi",14,144,"DR",2,0,0,0,0,1,"2_0_0_1","145_2_0_0_1","-",145,"144DR",70,14,"7/17/2014","DUHi",143,"DF",5,TRUE,14.188,13.736,14.634,"143DF"
"182","shh_14.0_09_148_FJ","FVB",14,148,"FJ",0,0,0,0,0,1,"0_0_0_1","162_0_0_0_1","Y",162,"148FJ",74,14,"7/30/2014","DUHi",143,"DR",4,TRUE,13.98,13.489,14.476,"143DR"
"202","shh_15.0_10_151_FAA","FVB",15,151,"FAA",0,0,0,0,0,1,"0_0_0_1","162_0_0_0_1","-",162,"151FAA",290,13.5,"7/17/2014","FVB",143,"FA",5,TRUE,13.655,13.151,14.213,"143FA"
"123","shh_14.0_11_157_DF","DUHi",14,157,"DF",2,0,0,0,0,1,"2_0_0_1","145_2_0_0_1","Y",145,"157DF",75,14,"7/30/2014","DUHi",144,"DR",4,TRUE,13.988,13.504,14.478,"144DR"
"158","shh_14.0_10_159_FJ","FVB",14,159,"FJ",0,0,0,0,0,1,"0_0_0_1","162_0_0_0_1","-",162,"159FJ",380,14,"12/08/14","FVB",148,"FJ",2,TRUE,14.031,13.51,14.563,"148FJ"
"26","shh_14.0_17_161_DR","DUHi",14,161,"DR",1,0,0,0,0,1,"1_0_0_1","179_1_0_0_1","Y",179,"161DR",491,15,"5/27/2015","FVB",151,"FAA",4,TRUE,14.131,13.621,14.651,"151FAA"
"32","shh_14.5_10_161_FR","FVB",14.5,161,"FR",1,0,0,0,0,1,"1_0_0_1","179_1_0_0_1","Y",179,"161FR",71,14,"7/17/2014","DUHi",157,"DF",5,TRUE,14.347,13.892,14.81,"157DF"
"28","shh_14.5_14_163_DH","DUHi",14.5,163,"DH",1,0,0,0,0,1,"1_0_0_1","179_1_0_0_1","-",179,"163DH",382,14,"12/08/14","FVB",159,"FJ",2,TRUE,14.178,13.642,14.69,"159FJ"
"159","shh_14.5_11_163_FR","FVB",14.5,163,"FR",0,0,0,0,0,1,"0_0_0_1","162_0_0_0_1","-",162,"163FR",77,14,"7/30/2014","DUHi",161,"DR",4,TRUE,14.19,13.705,14.686,"161DR"
"176","shh_14.0_01_163-167_FB","FVB",14,165,"FB",0,0,0,0,0,1,"0_0_0_1","162_0_0_0_1","Y",162,"165FB",455,14.5,"03/04/15","FVB",161,"FR",4,TRUE,14.251,13.734,14.774,"161FR"
"178","shh_14.0_03_163-167_FB","FVB",14,165,"FB",0,0,0,0,0,1,"0_0_0_1","162_0_0_0_1","Y",162,"165FB",122,14.5,"1/22/2014","DUHi",163,"DH",4,TRUE,13.989,13.548,14.432,"163DH"
"179","shh_14.0_04_163-167_FB","FVB",14,165,"FB",1,0,0,0,0,1,"1_0_0_1","179_1_0_0_1","-",179,"165FB",457,14.5,"03/04/15","FVB",163,"FR",4,TRUE,14.276,13.761,14.795,"163FR"
"115","shh_14.0_08_169_DR","DUHi",14,169,"DR",2,0,0,0,0,1,"2_0_0_1","145_2_0_0_1","Y",145,"169DR",374,14,"05/06/14","FVB",165,"FB",3,TRUE,13.96,13.452,14.444,"165FB"
"29","shh_14.0_24_177_DAA","DUHi",14,177,"DAA",1,0,0,0,0,1,"1_0_0_1","179_1_0_0_1","Y",179,"177DAA",78,14,"7/30/2014","DUHi",169,"DR",4,TRUE,14.273,13.791,14.781,"169DR"
"213","shh_14.5_24_178_DI","DUHi",14.5,178,"DI",1,0,0,0,0,1,"1_0_0_1","179_1_0_0_1","-",179,"178DI",52,14,"05/12/14","DUHi",177,"DAA",2,TRUE,14.558,14.067,15.045,"177DAA"
"136","shh_14.5_01_178_FC","FVB",14.5,178,"FC",0,1,0,1,0,1,"0_1_1_1","199_0_1_1_1","-",199,"178FC",134,14.5,"03/04/14","DUHi",178,"DI",3,TRUE,14.092,13.653,14.537,"178DI"
"226","shh_14.5_28_184_FQ","FVB",14.5,184,"FQ",0,1,0,1,0,1,"0_1_1_1","199_0_1_1_1","y",199,"184FQ",412,14.5,"4/23/2014","FVB",178,"FC",4,TRUE,14.258,13.745,14.775,"178FC"
"227","shh_14.5_29_185_FQ","FVB",14.5,185,"FQ",0,1,0,1,0,1,"0_1_1_1","199_0_1_1_1","-",199,"185FQ",449,14.5,"2/26/2015","FVB",184,"FQ",5,TRUE,14.5,13.998,14.981,"184FQ"
"183","shh_14.5_21_186_DAD","DUHi",14.5,186,"DAD",1,0,0,0,0,1,"1_0_0_1","179_1_0_0_1","y",179,"186DAD",450,14.5,"2/26/2015","FVB",185,"FQ",5,TRUE,14.508,14.01,15.001,"185FQ"
"133","shh_15.0_09_186_DJ","DUHi",15,186,"DJ",1,1,0,1,0,1,"1_1_1_1","202_1_1_1_1","-",202,"186DJ",93,14.5,"4/30/2015","DUHi",186,"DAD",5,TRUE,14.35,13.845,14.9,"186DAD"
"228","shh_14.5_30_189_FQ","FVB",14.5,189,"FQ",0,1,0,1,0,1,"0_1_1_1","199_0_1_1_1","-",199,"189FQ",162,15,"1/30/2014","DUHi",186,"DJ",5,TRUE,14.77,14.329,15.211,"186DJ"
"192","shh_14.5_14_190_FZ","FVB",14.5,190,"FZ",0,2,0,1,0,1,"0_2_1_1","227_0_2_1_1","y",227,"190FZ",452,14.5,"2/26/2015","FVB",189,"FQ",5,TRUE,14.551,14.043,15.067,"189FQ"
"184","shh_14.5_22_191_DAD","DUHi",14.5,191,"DAD",1,0,0,0,0,1,"1_0_0_1","179_1_0_0_1","y",179,"191DAD",482,14.5,"5/13/2015","FVB",190,"FZ",4,TRUE,14.358,13.843,14.881,"190FZ"
"138","shh_14.0_11_195_FP","FVB",14,195,"FP",0,1,0,1,0,1,"0_1_1_1","199_0_1_1_1","-",199,"195FP",94,14.5,"4/30/2015","DUHi",191,"DAD",5,TRUE,14.407,13.887,14.939,"191DAD"
"139","shh_14.0_12_199_FP","FVB",14,199,"FP",0,1,0,1,0,1,"0_1_1_1","199_0_1_1_1","-",199,"199FP",435,14.5,"2/25/2015","FVB",195,"FP",4,TRUE,14.406,13.941,14.918,"195FP"
"134","shh_15.0_14_203_DAB","DUHi",15,203,"DAB",1,1,0,1,0,1,"1_1_1_1","202_1_1_1_1","Y",202,"203DAB",439,14.5,"2/25/2015","FVB",199,"FP",4,TRUE,14.458,13.955,14.999,"199FP"
"230","shh_14.5_32_207_FZ","FVB",14.5,207,"FZ",0,1,0,1,0,1,"0_1_1_1","199_0_1_1_1","y",199,"207FZ",146,15,"10/30/2014","DUHi",203,"DAB",5,TRUE,14.974,14.347,15.601,"203DAB"
"232","shh_14.5_34_209_FZ","FVB",14.5,209,"FZ",0,2,0,2,0,1,"0_2_2_1","325_0_2_2_1","-",325,"209FZ",485,14.5,"5/13/2015","FVB",207,"FZ",4,TRUE,14.54,14.014,15.038,"207FZ"
"233","shh_14.5_36_214_FZ","FVB",14.5,214,"FZ",0,2,0,2,0,1,"0_2_2_1","325_0_2_2_1","-",325,"214FZ",486,14.5,"5/13/2015","FVB",209,"FZ",4,TRUE,14.555,14.038,15.056,"209FZ"
"140","shh_14.5_13_215_FP","FVB",14.5,215,"FP",0,1,0,1,0,1,"0_1_1_1","199_0_1_1_1","-",199,"215FP",488,14.5,"5/13/2015","FVB",214,"FZ",4,TRUE,14.602,14.109,15.106,"214FZ"
"185","shh_14.5_23_217_DAD","DUHi",14.5,217,"DAD",1,0,0,0,0,1,"1_0_0_1","179_1_0_0_1","-",179,"217DAD",443,14.5,"2/25/2015","FVB",215,"FP",4,TRUE,14.623,14.101,15.109,"215FP"
"191","shh_14.5_06_218_FZ","FVB",14.5,218,"FZ",0,2,0,1,0,1,"0_2_1_1","227_0_2_1_1","y",227,"218FZ",95,14.5,"4/30/2015","DUHi",217,"DAD",5,TRUE,14.629,14.08,15.169,"217DAD"
"135","shh_15.0_01_219_DK","DUHi",15,219,"DK",1,2,0,2,1,1,"1_2_2_1","235_1_2_2_1","Y",235,"219DK",489,14.5,"5/13/2015","FVB",218,"FZ",4,TRUE,14.636,14.108,15.149,"218FZ"
"27","shh_15.0_06_221_DK","DUHi",15,221,"DK",1,2,0,2,0,1,"1_2_2_1","235_1_2_2_1","-",235,"221DK",173,15,"3/13/2014","DUHi",219,"DK",5,TRUE,14.691,14.238,15.144,"219DK"
"46","shh_14.5_08_221_FL","FVB",14.5,221,"FL",0,2,0,2,0,1,"0_2_2_1","325_0_2_2_1","Y",325,"221FL",174,15,"3/13/2014","DUHi",221,"DK",5,TRUE,14.701,14.242,15.168,"221DK"
"216","shh_14.5_28_223_DAF","DUHi",14.5,223,"DAF",1,1,0,1,0,1,"1_1_1_1","202_1_1_1_1","-",202,"223DAF",425,14.5,"12/11/14","FVB",221,"FL",5,TRUE,14.638,14.099,15.156,"221FL"
"33","shh_14.5_02_228_DG","DUHi",14.5,228,"DG",1,2,0,2,0,1,"1_2_2_1","235_1_2_2_1","-",235,"228DG",102,14.5,"10/29/2015","DUHi",223,"DAF",5,TRUE,14.548,14.125,14.979,"223DAF"
"203","shh_15.0_11_229_FAA","FVB",15,229,"FAA",0,2,0,1,0,1,"0_2_1_1","227_0_2_1_1","-",227,"229FAA",115,14.5,"12/17/2013","DUHi",228,"DG",3,TRUE,14.515,14.077,14.983,"228DG"
"215","shh_14.5_25_236_DAF","DUHi",14.5,236,"DAF",1,1,0,1,0,1,"1_1_1_1","202_1_1_1_1","-",202,"236DAF",492,15,"5/27/2015","FVB",229,"FAA",4,TRUE,14.951,14.454,15.442,"229FAA"
"214","shh_14.0_27_237_DG","DUHi",14,237,"DG",1,1,0,1,0,1,"1_1_1_1","202_1_1_1_1","y",202,"237DG",108,14.5,"10/29/2015","DUHi",236,"DAF",5,TRUE,14.657,14.211,15.092,"236DAF"
"88","shh_14.5_10_238_DI","DUHi",14.5,238,"DI",1,1,0,1,0,1,"1_1_1_1","202_1_1_1_1","-",202,"238DI",116,14.5,"12/17/2013","DUHi",237,"DG",3,TRUE,14.585,14.141,15.035,"237DG"
"204","shh_15.0_13_241_FAA","FVB",15,241,"FAA",0,2,0,2,0,1,"0_2_2_1","325_0_2_2_1","-",325,"241FAA",137,14.5,"03/04/14","DUHi",238,"DI",3,TRUE,14.614,14.158,15.07,"238DI"
"112","shh_15.5_06_244_DV","DUHi",15.5,244,"DV",1,2,0,2,0,1,"1_2_2_1","235_1_2_2_1","y",235,"244DV",494,15,"5/27/2015","FVB",241,"FAA",4,TRUE,15.054,14.547,15.578,"241FAA"
"148","shh_15.0_05_245_DJ","DUHi",15,245,"DJ",0,2,0,1,0,1,"0_2_1_1","227_0_2_1_1","-",227,"245DJ",223,15.5,"10/23/2014","DUHi",244,"DV",5,TRUE,14.969,14.488,15.43,"244DV"
"37","shh_16.5_01_246_DW","DUHi",16.5,246,"DW",1,2,0,2,0,1,"1_2_2_1","235_1_2_2_1","Y",235,"246DW",169,15,"1/30/2014","DUHi",245,"DJ",5,TRUE,15.266,14.813,15.705,"245DJ"
"95","shh_14.5_09_246_FL","FVB",14.5,246,"FL",0,2,0,2,0,1,"0_2_2_1","325_0_2_2_1","Y",325,"246FL",241,16.5,"9/25/2014","DUHi",246,"DW",5,TRUE,15.987,15.428,16.567,"246DW"
"205","shh_15.0_14_248_FAA","FVB",15,248,"FAA",0,2,0,2,1,1,"0_2_2_1","325_0_2_2_1","y",325,"248FAA",427,14.5,"12/11/14","FVB",246,"FL",5,TRUE,14.857,14.335,15.369,"246FL"
"206","shh_15.0_15_249_FAA","FVB",15,249,"FAA",0,2,0,2,1,1,"0_2_2_1","325_0_2_2_1","y",325,"249FAA",495,15,"5/27/2015","FVB",248,"FAA",4,TRUE,15.103,14.598,15.635,"248FAA"
"49","shh_15.0_05_256_FD","FVB",15,256,"FD",0,2,0,2,1,1,"0_2_2_1","325_0_2_2_1","-",325,"256FD",496,15,"5/27/2015","FVB",249,"FAA",4,TRUE,15.117,14.612,15.625,"249FAA"
"189","shh_15.5_18_257_DAC","DUHi",15.5,257,"DAC",0,2,0,2,1,1,"0_2_2_1","325_0_2_2_1","y",325,"257DAC",537,15,"7/24/2014","FVB",256,"FD",5,TRUE,14.901,14.38,15.434,"256FD"
"207","shh_15.0_16_257_FAA","FVB",15,257,"FAA",0,2,0,2,1,1,"0_2_2_1","325_0_2_2_1","-",325,"257FAA",189,15.5,"4/29/2015","DUHi",257,"DAC",4,TRUE,15.022,14.498,15.504,"257DAC"
"208","shh_15.0_17_258_FAA","FVB",15,258,"FAA",0,2,0,2,1,1,"0_2_2_1","325_0_2_2_1","-",325,"258FAA",497,15,"5/27/2015","FVB",257,"FAA",4,TRUE,15.184,14.668,15.691,"257FAA"
"93","shh_15.0_06_259_FD","FVB",15,259,"FD",0,2,0,2,1,1,"0_2_2_1","325_0_2_2_1","Y",325,"259FD",498,15,"5/27/2015","FVB",258,"FAA",4,TRUE,15.172,14.668,15.689,"258FAA"
"96","shh_15.0_08_259_FD","FVB",15,259,"FD",0,2,0,2,0,1,"0_2_2_1","325_0_2_2_1","y",325,"259FD",538,15,"7/24/2014","FVB",259,"FD",5,TRUE,14.909,14.393,15.457,"259FD"
"73","shh_15.0_11_262_DK","DUHi",15,262,"DK",0,2,0,2,1,1,"0_2_2_1","325_0_2_2_1","-",325,"262DK",539,15,"7/24/2014","FVB",259,"FD",5,TRUE,14.918,14.37,15.437,"259FD"
"103","shh_14.5_11_263_DI","DUHi",14.5,263,"DI",0,2,0,2,0,1,"0_2_2_1","325_0_2_2_1","Y",325,"263DI",176,15,"3/13/2014","DUHi",262,"DK",5,TRUE,15.004,14.547,15.469,"262DK"
"44","shh_15.0_02_265_DK","DUHi",15,265,"DK",0,2,0,2,1,1,"0_2_2_1","325_0_2_2_1","Y",325,"265DK",142,14.5,"03/04/14","DUHi",263,"DI",3,TRUE,14.785,14.345,15.241,"263DI"
"69","shh_16.5_02_271_DW","DUHi",16.5,271,"DW",0,2,0,2,0,1,"0_2_2_1","325_0_2_2_1","-",325,"271DW",177,15,"3/13/2014","DUHi",265,"DK",5,TRUE,15.018,14.559,15.48,"265DK"
"109","shh_15.0_03_273_FD","FVB",15,273,"FD",0,2,0,2,0,1,"0_2_2_1","325_0_2_2_1","y",325,"273FD",242,16.5,"9/25/2014","DUHi",271,"DW",5,TRUE,16.159,15.577,16.742,"271DW"
"98","shh_15.0_15_285_DK","DUHi",15,285,"DK",0,2,0,2,0,1,"0_2_2_1","325_0_2_2_1","Y",325,"285DK",540,15,"7/24/2014","FVB",273,"FD",5,TRUE,15.026,14.498,15.567,"273FD"
"94","shh_15.0_07_285_FD","FVB",15,285,"FD",0,2,0,2,1,1,"0_2_2_1","325_0_2_2_1","Y",325,"285FD",179,15,"3/13/2014","DUHi",285,"DK",5,TRUE,15.141,14.696,15.598,"285DK"
"61","shh_15.5_07_290_DV","DUHi",15.5,290,"DV",0,2,0,2,0,1,"0_2_2_1","325_0_2_2_1","y",325,"290DV",542,15,"7/24/2014","FVB",285,"FD",5,TRUE,15.105,14.593,15.61,"285FD"
"209","shh_14.5_26_290_FW","FVB",14.5,290,"FW",0,2,0,2,1,1,"0_2_2_1","325_0_2_2_1","y",325,"290FW",543,15,"7/24/2014","FVB",285,"FD",5,TRUE,15.108,14.576,15.623,"285FD"
"78","shh_15.0_12_293_DK","DUHi",15,293,"DK",0,2,0,2,1,1,"0_2_2_1","325_0_2_2_1","Y",325,"293DK",224,15.5,"10/23/2014","DUHi",290,"DV",5,TRUE,15.265,14.786,15.735,"290DV"
"45","shh_15.0_03_294_DK","DUHi",15,294,"DK",0,2,0,2,1,1,"0_2_2_1","325_0_2_2_1","Y",325,"294DK",471,14.5,"05/12/15","FVB",290,"FW",3,TRUE,14.353,13.866,14.868,"290FW"
"47","shh_15.0_08_294_DK","DUHi",15,294,"DK",0,2,0,2,0,1,"0_2_2_1","325_0_2_2_1","-",325,"294DK",180,15,"3/13/2014","DUHi",293,"DK",5,TRUE,15.194,14.751,15.668,"293DK"
"193","shh_14.5_16_310_FW","FVB",14.5,310,"FW",0,2,0,2,1,1,"0_2_2_1","325_0_2_2_1","-",325,"310FW",181,15,"3/13/2014","DUHi",294,"DK",5,TRUE,15.204,14.745,15.672,"294DK"
"194","shh_14.5_17_325_FW","FVB",14.5,325,"FW",0,2,0,2,1,1,"0_2_2_1","325_0_2_2_1","-",325,"325FW",472,14.5,"05/12/15","FVB",310,"FW",3,TRUE,14.492,13.992,15.009,"310FW"
"197","shh_14.5_20_332_FS","FVB",14.5,332,"FS",0,2,0,2,1,1,"0_2_2_1","325_0_2_2_1","y",325,"332FS",475,14.5,"05/12/15","FVB",325,"FW",3,TRUE,14.585,14.093,15.104,"325FW"
"80","shh_15.5_11_340_DV","DUHi",15.5,340,"DV",0,2,0,2,1,1,"0_2_2_1","325_0_2_2_1","-",325,"340DV",463,14.5,"4/28/2015","FVB",332,"FS",3,TRUE,14.5,13.989,15.046,"332FS"
"195","shh_14.5_18_340_FW","FVB",14.5,340,"FW",0,2,0,2,1,1,"0_2_2_1","325_0_2_2_1","-",325,"340FW",226,15.5,"10/23/2014","DUHi",340,"DV",5,TRUE,15.546,15.061,16.032,"340DV"
"198","shh_14.5_21_344_FS","FVB",14.5,344,"FS",0,2,0,2,1,1,"0_2_2_1","325_0_2_2_1","y",325,"344FS",478,14.5,"05/12/15","FVB",340,"FW",3,TRUE,14.676,14.176,15.197,"340FW"
"196","shh_14.5_19_349_FW","FVB",14.5,349,"FW",0,2,0,2,2,1,"0_2_2_1","325_0_2_2_1","-",325,"349FW",465,14.5,"4/28/2015","FVB",344,"FS",3,TRUE,14.559,14.061,15.104,"344FS"
"186","shh_15.5_17_353_DAC","DUHi",15.5,353,"DAC",0,2,0,2,1,1,"0_2_2_1","325_0_2_2_1","y",325,"353DAC",480,14.5,"05/12/15","FVB",349,"FW",3,TRUE,14.73,14.226,15.239,"349FW"
"199","shh_14.5_22_353_FS","FVB",14.5,353,"FS",0,2,0,2,2,1,"0_2_2_1","325_0_2_2_1","y",325,"353FS",190,15.5,"4/29/2015","DUHi",353,"DAC",4,TRUE,15.568,15.077,16.071,"353DAC"
"81","shh_15.5_12_355_DV","DUHi",15.5,355,"DV",0,2,0,2,1,1,"0_2_2_1","325_0_2_2_1","-",325,"355DV",466,14.5,"4/28/2015","FVB",353,"FS",3,TRUE,14.616,14.084,15.137,"353FS"
"51","shh_15.5_01_359_DN","DUHi",15.5,359,"DN",0,2,0,2,0,1,"0_2_2_1","325_0_2_2_1","-",325,"359DN",227,15.5,"10/23/2014","DUHi",355,"DV",5,TRUE,15.621,15.148,16.113,"355DV"
"200","shh_14.5_24_359_FS","FVB",14.5,359,"FS",0,2,0,2,2,1,"0_2_2_1","325_0_2_2_1","y",325,"359FS",209,15.5,"03/12/14","DUHi",359,"DN",4,TRUE,15.402,14.966,15.842,"359DN"
"62","shh_15.5_08_363_DV","DUHi",15.5,363,"DV",0,2,0,2,1,1,"0_2_2_1","325_0_2_2_1","Y",325,"363DV",468,14.5,"4/28/2015","FVB",359,"FS",3,TRUE,14.647,14.122,15.175,"359FS"
"82","shh_15.5_13_369_DU","DUHi",15.5,369,"DU",0,2,0,2,1,1,"0_2_2_1","325_0_2_2_1","-",325,"369DU",229,15.5,"10/23/2014","DUHi",363,"DV",5,TRUE,15.66,15.209,16.151,"363DV"
"83","shh_15.5_14_371_DU","DUHi",15.5,371,"DU",0,2,0,2,2,1,"0_2_2_1","325_0_2_2_1","-",325,"371DU",221,15.5,"9/24/2014","DUHi",369,"DU",4,TRUE,16.111,15.672,16.567,"369DU"
"201","shh_14.5_25_373_FS","FVB",14.5,373,"FS",0,2,0,2,2,1,"0_2_2_1","325_0_2_2_1","-",325,"373FS",222,15.5,"9/24/2014","DUHi",371,"DU",4,TRUE,16.123,15.677,16.567,"371DU"
"104","shh_15.5_15_399_DN","DUHi",15.5,399,"DN",0,2,0,2,2,1,"0_2_2_1","325_0_2_2_1","Y",325,"399DN",470,14.5,"4/28/2015","FVB",373,"FS",3,TRUE,14.721,14.203,15.247,"373FS"
"66","shh_16.0_04_424_DO","DUHi",16,424,"DO",0,2,1,2,2,1,"0_2_2_1","325_0_2_2_1","-",325,"424DO",212,15.5,"03/12/14","DUHi",399,"DN",4,TRUE,15.583,15.125,16.014,"399DN"
"52","shh_15.5_02_426_DN","DUHi",15.5,426,"DN",0,2,0,2,1,1,"0_2_2_1","325_0_2_2_1","-",325,"426DN",235,16,"3/20/2014","DUHi",424,"DO",5,TRUE,15.991,15.541,16.468,"424DO"
"105","shh_15.5_16_427_DN","DUHi",15.5,427,"DN",0,2,0,2,2,1,"0_2_2_1","325_0_2_2_1","y",325,"427DN",214,15.5,"03/12/14","DUHi",426,"DN",4,TRUE,15.694,15.244,16.141,"426DN"
"57","shh_15.5_03_442_DN","DUHi",15.5,442,"DN",0,2,0,2,1,1,"0_2_2_1","325_0_2_2_1","-",325,"442DN",215,15.5,"03/12/14","DUHi",427,"DN",4,TRUE,15.693,15.245,16.14,"427DN"
"71","shh_16.0_07_452_DO","DUHi",16,452,"DO",0,2,0,2,2,1,"0_2_2_1","325_0_2_2_1","-",325,"452DO",216,15.5,"03/12/14","DUHi",427,"DN",4,TRUE,15.691,15.259,16.137,"427DN"
"65","shh_16.0_01_455_DO","DUHi",16,455,"DO",0,2,0,2,2,1,"0_2_2_1","325_0_2_2_1","Y",325,"455DO",218,15.5,"03/12/14","DUHi",442,"DN",4,TRUE,15.751,15.316,16.185,"442DN"
"63","shh_15.5_09_457_DV","DUHi",15.5,457,"DV",0,2,0,2,2,1,"0_2_2_1","325_0_2_2_1","-",325,"457DV",236,16,"3/20/2014","DUHi",452,"DO",5,TRUE,16.102,15.665,16.546,"452DO"
"67","shh_16.0_05_476_DO","DUHi",16,476,"DO",0,2,1,2,2,1,"0_2_2_1","325_0_2_2_1","Y",325,"476DO",237,16,"3/20/2014","DUHi",455,"DO",5,TRUE,16.113,15.649,16.558,"455DO"
"68","shh_16.0_06_481_DO","DUHi",16,481,"DO",0,2,1,2,2,1,"0_2_2_1","325_0_2_2_1","-",325,"481DO",230,15.5,"10/23/2014","DUHi",457,"DV",5,TRUE,16.06,15.575,16.534,"457DV"
"60","shh_15.5_05_483_DM","DUHi",15.5,483,"DM",0,2,0,2,2,1,"0_2_2_1","325_0_2_2_1","Y",325,"483DM",238,16,"3/20/2014","DUHi",476,"DO",5,TRUE,16.196,15.751,16.656,"476DO"
"131","shh_13.5_05_67_DQ","DUHi",13.5,67,"DQ",0,0,0,0,0,0,"0_0_0_0","097_0_0_0_0","Y",97,"67DQ",239,16,"3/20/2014","DUHi",481,"DO",5,TRUE,16.216,15.776,16.679,"481DO"
"151","shh_13.5_05_67_DQ","DUHi",13.5,67,"DQ",0,0,0,0,0,0,"0_0_0_0","097_0_0_0_0","Y",97,"67DQ",206,15.5,"03/05/14","DUHi",483,"DM",4,TRUE,15.727,15.269,16.189,"483DM"
"217","shh_13.0_03_86_FX","FVB",13,86,"FX",0,0,0,0,0,0,"0_0_0_0","097_0_0_0_0","y",97,"86FX",28,13.5,"7/30/2014","DUHi",67,"DQ",4,TRUE,12.862,12.382,13.351,"67DQ"
"218","shh_13.0_04_87_FX","FVB",13,87,"FX",0,0,0,0,0,0,"0_0_0_0","097_0_0_0_0","-",97,"87FX",276,13,"05/12/15","FVB",86,"FX",3,TRUE,12.75,12.246,13.255,"86FX"
"16","shh_13.5_11_88_FK","FVB",13.5,88,"FK",2,0,0,0,0,0,"2_0_0_0","123_2_0_0_0","-",123,"88FK",277,13,"05/12/15","FVB",87,"FX",3,TRUE,12.783,12.283,13.263,"87FX"
"168","shh_13.5_07_88_FK","FVB",13.5,88,"FK",0,0,0,0,0,0,"0_0_0_0","097_0_0_0_0","Y",97,"88FK",293,13.5,"12/10/14","FVB",88,"FK",4,TRUE,13.267,12.739,13.801,"88FK"
"190","shh_13.0_01_90_FX","FVB",13,90,"FX",0,0,0,0,0,0,"0_0_0_0","097_0_0_0_0","y",97,"90FX",278,13,"05/12/15","FVB",90,"FX",3,TRUE,12.852,12.334,13.36,"90FX"
"165","shh_14.0_12_91_DU","DUHi",14,91,"DU",0,0,0,0,0,0,"0_0_0_0","097_0_0_0_0","Y",97,"91DU",80,14,"10/14/2014","DUHi",91,"DU",3,TRUE,13.452,13.019,13.888,"91DU"
"219","shh_13.0_05_91_FX","FVB",13,91,"FX",0,0,0,0,0,0,"0_0_0_0","097_0_0_0_0","-",97,"91FX",279,13,"05/12/15","FVB",91,"FX",3,TRUE,12.87,12.373,13.376,"91FX"
"166","shh_14.0_18_94_DU","DUHi",14,94,"DU",0,0,0,0,0,0,"0_0_0_0","097_0_0_0_0","-",97,"94DU",81,14,"10/14/2014","DUHi",94,"DU",3,TRUE,13.517,13.057,13.95,"94DU"
"163","shh_13.5_09_99_DZ","DUHi",13.5,99,"DZ",0,0,0,0,0,0,"0_0_0_0","097_0_0_0_0","Y",97,"99DZ",37,13.5,"11/19/2014","DUHi",99,"DZ",4,TRUE,13.328,12.864,13.774,"99DZ"
